{"accuracy": [0.584351658821106, 0.8559641242027283, 0.9113165736198425, 0.9382317662239075, 0.9540507793426514, 0.9646774530410767, 0.9699978828430176, 0.9762998819351196, 0.9786471128463745, 0.981492280960083, 0.9834412336349487, 0.9844228029251099, 0.9877516031265259, 0.9877658486366272, 0.9879649877548218, 0.9894729256629944, 0.9899850487709045, 0.9898428320884705, 0.9911088943481445, 0.9921900629997253], "loss": [1.4160698652267456, 0.4553048014640808, 0.2751047611236572, 0.18906418979167938, 0.13942928612232208, 0.10782014578580856, 0.09027598053216934, 0.07232280820608139, 0.06652574241161346, 0.05657739192247391, 0.049066148698329926, 0.048120930790901184, 0.039901141077280045, 0.03920600563287735, 0.03797941282391548, 0.03302180767059326, 0.03230138123035431, 0.03188187628984451, 0.028544997796416283, 0.024675754830241203], "val_accuracy": [0.8312087655067444, 0.9028568267822266, 0.8968814015388489, 0.9319371581077576, 0.9431481957435608, 0.9550421237945557, 0.9513430595397949, 0.9602777361869812, 0.965228796005249, 0.9567493796348572, 0.9503756165504456, 0.9634076952934265, 0.9725130796432495, 0.9504894018173218, 0.9673343896865845, 0.9671067595481873, 0.9584566354751587, 0.9702936410903931, 0.9688709378242493, 0.9735943675041199], "val_loss": [0.5398411750793457, 0.3005291819572449, 0.31396886706352234, 0.22449088096618652, 0.1797577142715454, 0.1488836258649826, 0.16038210690021515, 0.1404307782649994, 0.12151625752449036, 0.15710628032684326, 0.17912720143795013, 0.13200145959854126, 0.10463549941778183, 0.18240541219711304, 0.1132088452577591, 0.1225060224533081, 0.16011792421340942, 0.11373171210289001, 0.11501641571521759, 0.11369326710700989]}